{
  "employees": [
    {
      "id": 1,
      "first_name": "Luffy",
      "last_name": "Dragon",
      "email": "luffy@gmail.com"
    },
    {
      "id": 2,
      "first_name": "Ace",
      "last_name": "Fist",
      "email": "ace@gmail.com"
    },
    {
      "id": 3,
      "first_name": "Sabo",
      "last_name": "san",
      "email": "sabo@gmail.com"
    },
    {
      "id": "4",
      "first_name": "Zoro",
      "last_name": "Roronoa",
      "email": "zoro@gmail.com"
    },
    {
      "id": "5",
      "first_name": "Shanks",
      "last_name": "red",
      "email": "shanks@gmail.com"
    }
  ]
}